{
  "single_thread": [
    30.65004301071167,
    1.6689300537109375e-06,
    4.76837158203125e-07,
    0.0,
    2.384185791015625e-07
  ],
  "thread_pool": [
    3.239872694015503,
    2.801494836807251,
    1.0306196212768555,
    1.1464183330535889,
    1.0686683654785156
  ],
  "asyncio": [
    21.910554885864258,
    0.00012803077697753906,
    9.894371032714844e-05,
    8.869171142578125e-05,
    9.1552734375e-05
  ]
}